{
  "LogisticRegression": {
    "accuracy": 0.7443612799517758,
    "precision": 0.8477998677197214,
    "recall": 0.7766689239761914,
    "f1": 0.8106770833333333,
    "confusion_matrix": [
      [
        7845,
        3912
      ],
      [
        6266,
        21791
      ]
    ]
  },
  "BernoulliNB": {
    "accuracy": 0.7654845029386648,
    "precision": 0.7906471245807974,
    "recall": 0.9075097123712442,
    "f1": 0.8450573339307347,
    "confusion_matrix": [
      [
        5015,
        6742
      ],
      [
        2595,
        25462
      ]
    ]
  },
  "RandomForest": {
    "accuracy": 0.7536293766011956,
    "precision": 0.7930181771468945,
    "recall": 0.8801012225113163,
    "f1": 0.834293436945688,
    "confusion_matrix": [
      [
        5312,
        6445
      ],
      [
        3364,
        24693
      ]
    ]
  },
  "XGBoost": {
    "accuracy": 0.7389611694378861,
    "precision": 0.7343327142478111,
    "recall": 0.9864561428520512,
    "f1": 0.8419243463580087,
    "confusion_matrix": [
      [
        1744,
        10013
      ],
      [
        380,
        27677
      ]
    ]
  },
  "PassiveAggressive": {
    "accuracy": 0.7438840608831064,
    "precision": 0.84877362912045,
    "recall": 0.7745660619453256,
    "f1": 0.809973723933583,
    "confusion_matrix": [
      [
        7885,
        3872
      ],
      [
        6325,
        21732
      ]
    ]
  },
  "SGDClassifier": {
    "accuracy": 0.7327573215451851,
    "precision": 0.7737402948480181,
    "recall": 0.8773211676230531,
    "f1": 0.8222816101553365,
    "confusion_matrix": [
      [
        4559,
        7198
      ],
      [
        3442,
        24615
      ]
    ]
  },
  "RidgeClassifier": {
    "accuracy": 0.7901491937509418,
    "precision": 0.8012906777587473,
    "recall": 0.9337776668923976,
    "f1": 0.8624759271147104,
    "confusion_matrix": [
      [
        5260,
        6497
      ],
      [
        1858,
        26199
      ]
    ]
  },
  "MiniLM": {
    "accuracy": 0.5874817903250114,
    "precision": 0.7011486251305256,
    "recall": 0.7198913587306125,
    "f1": 0.7103963887713358,
    "confusion_matrix": [
      [
        3246,
        8586
      ],
      [
        7838,
        20144
      ]
    ]
  },
  "DistilBERT": {
    "accuracy": 0.5918521123222987,
    "precision": 0.7078329073146818,
    "recall": 0.7188577931083532,
    "f1": 0.713302752293578,
    "confusion_matrix": [
      [
        3349,
        8344
      ],
      [
        7906,
        20215
      ]
    ]
  }
}